Organization Name,City,State,Zipcode,Address,Organization Website,Number,Average Amount
"Change Lending, LLC",Anaheim,CA,92808,"175 N. Riverview Drive, suite D",www.changemtg.com,29387,494601.7953
Village Capital Corporation,Cleveland,OH,44104--000,11327 Shaker Boulevard  Suite 500W,www.clevelandnp.org,29001,246532.8684
"Lakeview Community Capital, LLC",Horsham,PA,19044,"507 Prudential Road, Suite 100B",http://www.lakeviewcommunitycapital.com/,19905,255443.866
"Champions Funding, LLC",Gilbert,AZ,85297,"365 E Germann Rd
Suite 140",www.champstpo.com,2299,444658.7564
"Homewise, Inc.",Santa Fe,NM,87507--311,"1301 Siler Road, Bldg D",www.homewise.org,1239,210043.5747
Neighborhood Finance Corporation,Des Moines,IA,50310,4908 Franklin Ave,http://www.neighborhoodfinance.org,308,151651.3506
"Home Headquarters, Inc.",Syracuse,NY,13204--242,"538 Erie Blvd., West,  Suite 100",www.homehq.org,291,130651.5876
HomeSight,Seattle,WA,98118--192,5117 Rainier Avenue South,www.homesightwa.org,283,241555.5018
Community Investment Corporation,Chicago,IL,60606--610,222 South Riverside Plaza  Suite 380,www.cicchicago.com,209,800323.8373
"TCHFH Lending, Inc.",St. Paul,MN,55104--342,1954 University Ave W,http://home.tchabitat.org/tchfh-lending-inc,194,230505.7268
"New Hampshire Community Loan Fund, Inc.",Concord,NH,03301--374,7 Wall Street,www.communityloanfund.org,173,138440.4624
Capital Plus Financial,Bedford,TX,76021,2247 Central Dr.,www.capitalplusfin.com,143,161265.4545
"Community Housing Capital, Inc.",Decatur,GA,30030--240,402 E. Howard Avenue,CommunityHousingCapital.org,129,771171.938
"Prestamos CDFI, LLC",Phoenix,AZ,85034--404,1024 E. Buckeye Road   Suite 270,prestamosloans.com,114,293658.0175
Community First Fund,Lancaster,PA,17608--052,P.O. Box 524,www.communityfirstfund.org,104,432236.5192
Cinnaire Lending Corporation,Chicago,IL,60606--241,225 West Washington Street  Suite 1350,www.cinnaire.com,102,967827.7157
DAYTON REGION NEW MARKET FUND LLC,Dayton,OH,45402--190,8 North Main Street,www.citywidedev.com,100,500000
Century Housing Corporation,Culver City,CA,90230--761,1000 Corporate Pointe,http://www.centuryhousing.org,86,999811.0465
Craft3,Seattle,WA,98104,"409 Maynard Avenue South, Suite 200",http://www.craft3.org,83,546665.253
"Bridgeway Capital, Inc.",Pittsburgh,PA,15219,"310 Grant Street, Suite 2800",www.bridgewaycapital.org,83,488839.9036
"Renaissance Community Loan Fund, Inc.",Gulfport,MS,39503--601,8917 Lorraine Road,www.rclfms.com,80,143073.2375
"Neighborhood Lending Services, Inc.",Chicago,IL,60607,"850 W Jackson Blvd., Suite 500",www.nhschicago.org,80,178381.575
IFF,Chicago,IL,60604--410,"333 South Wabash Avenue
Suite 2800",www.iff.org,79,581395.1139
"Affordable Homes of South Texas, Inc.",McAllen,TX,78501--522,1420 Erie Ave.,www.ahsti.org,79,111913.1899
"Northeast Entrepreneur Fund, Inc.",Duluth,MN,55802--197,"202 West Superior Street
Suite 311",http://www.entrepreneurfund.org,77,260711.7532
Rural Nevada Development Corporation,Ely,NV,89301--164,1320 E Aultman Street,http://www.rndcnv.org,76,159775.2105
"The Housing Fund, Inc.",Madison,TN,37116,P.O. Box 657,http://www.thehousingfund.org,76,329177.0658
CHN Housing Capital,Cleveland,OH,44114--444,"2999 Payne Avenue, Ste. 134",https://chnhousingcapital.org/,74,121386.0405
"Great Rivers Community Capital, Incorporated",St. Louis,MO,63106--164,"1023 N. Grand Blvd.	",http://www.justinepetersen.org/small_business/great_rivers_community_capital1/,65,145988.1692
"Chicago Community Loan Fund, The",Chicago,IL,60602--441,"29 East Madison Street, Suite 1700",www.cclfchicago.org,65,573216.9692
Impact Development Fund,Loveland,CO,80537--487,200 E. 7th St. #412,http://www.impactdf.org,65,387825.4154
Local Initiatives Support Corporation,New York,NY,10005,"28 Liberty Street
Floor 34",www.lisc.org,64,849870.2656
Rural Community Assistance Corporation,West Sacramento,CA,95691--501,3120 Freeboard Drive  Suite 201,www.rcac.org,57,910154.5789
"Colorado Enterprise Fund, Inc.",Denver,CO,80203--116,"1888 Sherman Street, Suite 530",http://coloradoenterprisefund.org,57,173067.6316
Florida Community Loan Fund,Orlando,FL,32803,"800 N. Magnolia Avenue
Suite 106",www.fclf.org,56,578093.5
Invest Detroit Foundation,Detroit,MI,48243--180,600 Renaissance Center  Suite 1710,investdetroit.com,50,425232
NHS Neighborhood Lending Services,Los Angeles,CA,90010--330,"3926 Wilshire Blvd,  Ste. 200",www.nhslacounty.org,49,114351.6939
Montana Community Development Corporation,Missoula,MT,59802--453,229 East Main,www.mofi.org,49,286589.1633
Milwaukee Economic Development Corporation,Milwaukee,WI,53202--361,"757 North Broadway, Suite 600",http://www.medconline.com,48,515061.8125
NeighborWorks Capital,Silver Spring,MD,20910--560,8484 Georgia Ave  Suite 330,www.neighborworkscapital.org,47,1863548.596
Opportunity Resource Fund,Lansing,MI,48912--231,330 Marshall Street  Suite 105,http://www.oppfund.org,47,131255.7447
Capital for Change,Wallingford,CT,06492--243,10 Alexander Drive,www.capitalforchange.org,46,382320.1087
Aura Mortgage Advisors,Boston,MA,02119--177,10 Malcolm X Blvd,http://auramortgage.com/,46,238193.4783
NYBDC Local Development Corporation,Albany,NY,12207--153,50 Beaver Street,http://www.pursuitlending.com,44,546620.4773
Massachusetts Housing Investment Corporation,Boston,MA,02110--352,"21 Custom House Street, 8th Floor",http://www.mhic.com,44,1612716.682
California FarmLink,Aptos,CA,95003--395,335 Spreckels Dr. Suite F,http://www.californiafarmlink.org,43,474906.7907
AltCap,Kansas City,MO,64111--153,"300 E. 39th Street, Suite  3G",http://www.altcap.org,41,129006.7073
FINANTA,Philadelphia,PA,19122--450,1301 N. 2nd Street,http://www.finanta.org,39,177661.6667
CLIMB Fund,Charleston,SC,29403,2 Race Street,www.climbfund.org,39,281558.9744
True Access Capital Corporation,Wilmington,DE,19801--165,100 West 10th St.  Suite 300,http://www.trueaccescapital.org,39,360128.2051
"Coastal Enterprises, Inc.",Brunswick,ME,04011--151,"30 Federal Street
Suite 100",www.ceimaine.org,37,236975.5946
Choctaw Home Finance Corporation,Hugo,OK,74743--801,P.O. Box G,www.choctawhomefinance.web-loans.com,35,133504.2
"Grow America Fund, Inc.",Boston,MA,02284--533,PO Box 845339,www.growamerica.org,35,580018.9429
Housing Trust Silicon Valley,San Jose,CA,95113--183,"75 E Santa Clara Street, Suite 1350",http://www.housingtrustsv.org,35,700817.8857
Northern Maine Development Commission,Caribou,ME,04736--410,"11 West Presque Isle Road
PO Box 779",www.nmdc.org,35,277868.5714
South Eastern Economic Development Corporation,Taunton,MA,02780--271,80 Dean Street,http://www.seedcorp.com,34,314997.3529
Trenton Business Assistance Corporation,Mercerville,NJ,08619--163,3111 Quakerbridege Rd. - 2 floor,www.rbacloan.com,34,393678.6765
"Access to Capital for Entrepreneurs, Inc.",Cleveland,GA,30528--838,3173 Highway 129 North,http://www.aceloans.org,33,508254.5758
"Partner Community Capital, Inc.",Charles Town,WV,25414,P.O. Box 839,www.partnercapital.org,33,413112.0909
CommunityWorks,Greenville,SC,29606,PO Box 17826,http://communityworkscarolina.org,33,315329.0606
Greater Minnesota Housing Fund,St. Paul,MN,55101--131,332 Minnesota Street  Suite 1650 West,http://www.gmhf.com,31,1348548.387
PIDC Community Capital,Philadelphia,PA,19102--211,1500 Market Street  Suite 3500 West,http://www.PIDCphila.com,31,296967.7419
"Alaska Growth Capital BIDCO, Inc.",Anchorage,AK,99503,"3800 Centerpoint Drive, Suite 1100",http://www.alaskagrowth.com,31,717564.5161
"Community Loan Fund of New Jersey, Inc.",New Brunswick,NJ,08901--129,"100 Albany Street, Suite 250",www.newjerseycommunitycapital.org,30,588994.4
Small Business Assistance Corporation,Savannah,GA,31401--449,"111. E. Liberty Street, suite 100",www.sbacsav.com,29,239052.2759
"Cincinnati Development Fund, Inc.",Cincinnati,OH,45202--710,1224 Race Street,http://www.cincinnatidevelopmentfund.org,27,528185.1852
"Ithaca Neighborhood Housing Services, Inc.",Ithaca,NY,14850--563,115 West Clinton Street,www.ithacanhs.org,26,361548.6154
Finance Fund Capital Corporation,Columbus,OH,43215,"366 East Broad Street, Suite 101",www.financefund.org,26,1340966.231
Housing Assistance Council,Washington,DC,20036,"1828 L Street NW, Suite 505",www.ruralhome.org,25,595621.4
Detroit Development Fund,Detroit,MI,48202,"3031 W. Grand Blvd, Suite 505",www.detroitdevelopmentfund.com,25,164360
"Brightbridge, Inc.",Chattanooga,TN,37402,506 Broad Street,Non given,24,544214.3333
Rockford Community Investment Fund,Rockford,IL,61101,"120 W. State St., 306",Non given,24,116737.5
"Affordable Housing Resources, Inc.",Nashville,TN,37228--152,"50 Vantage Way, Suite 107",www.ahrhousing.org,24,195797.0417
Tulsa Economic Development Corporation,Tulsa,OK,74103--342,"125 W 3rd St, 2nd Fl",www.TEDCnet.com,23,217099.8261
"Housing Development Fund, Inc.",Stamford,CT,06901--169,100 Prospect Street  Suite 100,www.hdfconnects.org,23,344792.2609
"Forward Community Investments, Inc.",Madison,WI,53713,"2352 S Park Street
Suite 326",www.forwardci.org,23,212227
Valley Small Business Development Corporation,Fresno,CA,93711--076,7035 N. Fruit Avenue,http://VSBDC.com,23,369391.3043
Sustainable Neighborhoods LLC,New York,NY,10004--200,"55 Broad Street, 10th Floor",http://cnycn.org/,21,151676.2381
"Baltimore Community Lending, Inc.",Baltimore,MD,21201,"875 Hollins Street, Suite 301",www.bclending.org,21,714657.1429
Hartford Community Loan Fund,Hartford,CT,6105,215 Garden St.,HartfordLoans.org,21,317184
"Impact Loan Fund, Inc.",Philadelphia,PA,19134--312,1952 East Allegheny Avenue,www.impactloanfund.org,19,134392.1053
"Cooperative Business Assistance Corp, The",Camden,NJ,08102--152,328 Market Street,cbaclenders.com,19,150616.5789
South Carolina Community Loan Fund,Charleston,SC,29407--574,1051-A Gardner Road,http://www.sccommunityloanfund.org,18,370518.3333
"LiftFund, Inc.",San Antonio,TX,78210,2014 S. Hackberry St,www.liftfund.com,17,186302.5294
"Solitas House, Inc.",Tampa,FL,33680,PO Box 310257,www.solitashouse.com,17,133618.8235
Genesis LA Economic Growth Corporation,Los Angeles,CA,90017--461,"801 S. Grand Avenue, Suite 850",http://www.genesisla.org,17,918271.4706
Rocky Mountain Community Reinvestment Corporation,Salt Lake City,UT,84107,64 East Winchester Street Suite 330,www.rmcrc.org,17,1522382.706
California Coastal Rural Development Corporation,Salinas,CA,93901--047,221 Main Street  Suite 301,http://www.calcoastal.org,17,356470.5882
"Institute Capital, Inc.",Durham,NC,27701,114 West Parrish  Street,www.theinstitutenc.org,15,256570.2667
"NeighborGood Partners, Inc.",Dover,DE,19904--272,363 Saulsbury Rd,http://www.neighborgoodpartners.org,15,882481.6
Rockingham Economic Development Corp,Raymond,NH,03077--232,57 Main Street,http://www.redc.com,14,167500
Dakota Business Lending,Fargo,ND,58104,5630 36th Ave. S,www.dakotabusinesslending.com,14,381785.7143
"Reinvestment Fund, Inc., The",Philadelphia,PA,19103--390,1700 Market Street  19th Floor,http://www.reinvestment.com,13,1214153.846
Nebraska Enterprise Fund,Oakland,NE,68045--113,330 N. Oakland Ave.,www.nebbiz.org,13,88461.53846
Northland Foundation,Duluth,MN,55802--194,"202 West Superior Street, Suite 800",http://www.northlandfdn.org,13,139769.2308
"Community Ventures Corporation, Inc.",Lexington,KY,40505--316,1450 North Broadway,www.cvky.org,13,556026.6154
Ventana Fund,Albuquerque,NM,87125,P.O. Box 25483,www.ventanafund.org,13,763497.5385
"Native360 Loan Fund, Inc.",GRAND ISLAND,NE,68802,PO Box 5683,https://native360.org/,13,159959.6923
Arcata Economic Development Corporation,Eureka,CA,95501,707 K Street,http://www.aedc1.org,13,320500
Columbus Housing Initiative,Columbus,GA,31902--162,PO Box 1620,http://nwcolumbus.org,13,115338.4615
CDCLI Funding Corporation,Melville,NY,11747,"1660 Walt Whitman Road, Suite 130",http://www.cdcli.org,12,124862.5
SNAP Financial Access,Spokane,WA,99224--520,3102 W. Whistalks Way,https://snapfinancialaccess.org/,12,241295.5
Haa Yakaawu Financial Corporation,Juneau,AK,99801,5446 Jenkins Drive,Non given,12,189145.9167
"Common Capital, Inc.",Springfield,MA,1103,1780 Main Street,www.commoncapitalma.org,12,140416.6667
"Black Business Investment Fund, Inc.",Orlando,FL,32801--273,301 E. Pine Street  Suite 175,www.bbif.com,11,409008.8182
Southern Bancorp Capital Partners,Little Rock,AR,72211--350,"400 Hardin Road, Suite 100",www.southernpartners.org,11,196976
"Enterprise Community Loan Fund, Inc.",Columbia,MD,21044--349,"70 Corporate Center  11000 Broken Land Parkway, Suite 700",http://www.enterprisecommunity.org,10,1243877.9
HHOC Mortgage,Honolulu,HI,96817--396,1259 Aala St #201,http://www.hhocmortgage.org,10,89580.1
Latino Economic Development Center,Saint Paul,MN,55106,804 Margaret Street,http://www.ledcmn.org,10,182500
Lowell Community Loan Fund,Lawrence,MA,01840--186,"50 Island Street, Suite 103",www.mccinvest.org,10,81683.3
Legacy Redevelopment Corporation,Milwaukee,WI,53205--124,1536B W. North Ave,www.lrcmke.com,9,259150.3333
Wisconsin Women's Business Initiative Corporation,Milwaukee,WI,53212--391,1533 N RiverCenter Drive,www.wwbic.com,9,160981.4444
"HomesFund (La Plata Homes Fund, Inc.)",Durango,CO,81302--217,PO Box 2179,www.homesfund.org,9,89327.77778
"Cook Inlet Lending Center, Inc.",Anchorage,AK,99503--377,"3600 Spenard Rd, Ste 100",www.cookinletlending.com,9,212753.2222
African Development Center,Minneapolis,MN,55454--125,1931 South 5th Street,http://www.adcminnesota.org,9,208819.8889
Community Preservation Corporation,New York,NY,10017,"220 E 42nd Street, 16th Floor",www.communityp.com,9,643166.6667
National Asian American Coalition,Daly City,CA,94015--141,"318 Westlake Center, Suite 270",http://www.naac.org,9,118022.2222
Low Income Investment Fund,San Francisco,CA,94105,"49 Stevenson Street, Suite 300",http://www.liifund.org,8,1895427.625
NEIGHBORHOOD DEVELOPMENT CENTER,SAINT PAUL,MN,55104--509,625 UNIVERSITY AVE W,www.ndc-mn.org,8,164375
Tennessee Rural Development Fund LLC,Cookeville,TN,38501,"1227 N Washington Ave., Ste 107",www.tnrdf.com,8,885125
Shared Capital Cooperative,Saint Paul,MN,55114--176,"2388 University Ave W, Suite 300",www.sharedcapital.coop,8,407851
"Civic Community Partners, Inc.",San Diego,CA,92108--164,"8989 Rio San Diego Dr., Suite 100",http://www.CivicCommunities.com,8,581250
Ventura County Community Development Corporation,OXNARD,CA,93030,2231 Sturgis Road  Suite A,http://www.vccdc.org,8,226437.5
Prince Georges Financial Services Corporation,Largo,MD,20774--546,1801 McCormick Drive  Suite 300,www.fscfirst.com,8,150687.5
DreamSpring,Albuquerque,NM,87104--204,2000 Zearing Ave. NW,www.DreamSpring.org,8,241115.25
New Hope Community Capital Inc.,Boston,MA,02116--624,185 Dartmouth Street,http://www.newhopehousinginc.org/,7,1825349
Northern Great Lakes Initiatives,Marquette,MI,49855,101 W. Washington St. Suite 9,www.northerninitiatives.org,7,180578.5714
Neighborhood Housing Finance Corporation,Quincy,MA,02169--571,422 Washington Street,www.nhsmass.org,7,730238.8571
Cape & Islands Community Development Inc.,Centerville,MA,02632--142,5 Patti Page Way,http://www.coastalcommunitycapital.org,7,243675
Capital Impact Partners,Arlington,VA,22202--416,"1400 Crystal Drive, Suite 500",www.capitalimpact.org,7,997142.8571
Arkansas Capital Corporation,Little Rock,AR,72201--176,200 River Market Ave  Suite 400,Non given,7,449042.8571
Justine Petersen Housing & Reinvestment Corporation,St. Louis,MO,63106,1023 North Grand Blvd,www.justinepetersen.org,7,177337.7143
BlueHub Loan Fund Inc,Boston,MA,02119--177,10 Malcolm X Boulevard,www.bluehubcapital.org,7,1325050.143
City First Enterprises Inc,Washington,DC,20036,"1701 Rhode Island NW
Suite 3-103",http://www.cfenterprises.org,6,1074469.167
Ohio Capital Finance Corporation,Columbus,OH,43215--352,"88 East Broad Street,  Suite 1800",Non given,6,1974070
"Local Enterprise Assistance Fund, Inc.",Boston,MA,2135,386 Western Ave.,www.leaffund.org,6,996666.6667
PACE Finance Corporation,Los Angeles,CA,90017--565,1055 Wilshire Blvd.  Suite 1475,www.pacela.org,6,270000
Northwest Native Development Fund,Coulee Dam,WA,99116--015,PO Box 154,www.thenndf.org,6,275528.3333
PeopleFund,Austin,TX,78702--150,"2921 E. 17th Street  Building D, Suite 1",www.peoplefund.org,6,208383.3333
Ventures,Seattle,WA,98144,"2100 24th Avenue S., Suite 380",www.venturesnonprofit.org,6,210000
Midlands Housing Trust Fund,Columbia,SC,29201,"1201 Main, Ste. 1480  Attn: Jeff Larimore",http://www.midlandshousing.org,6,129666.6667
"Maryland Capital Enterprises, Inc.",Salisbury,MD,21804--523,314 Civic Avenue,www.marylandcapital.org,6,154216.6667
Micro Enterprise Services of Oregon,Portland,OR,97212--111,4008 NE MLK Jr. Blvd,http://mesopdx.org,6,129000
Santa Fe Community Housing Trust,Santa Fe,NM,87592,PO Box 29237,www.housingtrustonline.org,6,173376.6667
"Montana Homeownership Network, Inc. The",Great Falls,MT,59401--360,17 5th Street South,http://www.nwmt.org,5,191122.8
"3CORE, Inc.",Chico,CA,95973,2515 Ceanothus Ave Ste 105,http://www.3coreeedc.org,5,87520
"Neighborhood Housing Services of Duluth, Inc.",Duluth,MN,55805--187,12 East 4th St.,www.1roofhousing.org,5,356240
"Greenwood Archer Capital, Inc.",Chicago,IL,60628--461,1000 E. 111th Street  10th Floor,https://greenwoodarchercapital.org/,5,116480
NDC Community Impact Loan Fund,Boston,MA,02284--532,PO Box 845322,www.growamerica.org,5,1587250
"The Working World, Inc. dba Seed Commons",New York,NY,10003,"228 Park Avenue S, Suite 65768",Non given,5,436862.4
"Wisconsin Native Loan Fund, Inc.",Lac du Flambeau,WI,54538--058,P.O. Box 580,www.winlf.org,5,234657
"Valley Economic Development Partners, Inc.",Youngstown,OH,44505--100,4319 Belmont Ave.,www.valleyedp.com,5,226460
"Neighborhood Impact Investment Fund, Inc.",Baltimore,MD,21211,"PO Box 354
711 West 40th Street, Suite 153",https://www.baltimoreniif.org,5,794300
South Eastern Development Foundation,Sioux Falls,SD,57104--201,500 N Western Avenue  Suite 100,http://www.secog.org,5,186270.6
"Edge Fund, LLC",Indianapolis,IN,46202--181,1704 Bellefontaine St,https://myedgefund.org/,5,90000
Midwest Minnesota Community Development Corporation,Detroit Lakes,MN,56501--303,"119 Graystone Plaza, Suite 100",www.mmcdc.com,5,146980
"Worcester Community Housing Resources, Inc.",Worcester,MA,01609--322,"11 Pleasant Street, Suite 300",http://www.wchr.org,5,224440
"NewWest Community Capital, Inc.",Boise,ID,83702,"950 W. Bannock Street, Suite 1100",www.newwestcapital.org,5,1131500
"Albany Community Together, Inc.",Albany,GA,31701--281,230 South Jackson Street  Suite 333,www.albanycommunitytogether.com,4,100000
Wind River Development Fund,Fort Washakie,WY,82514--066,P.O. Box 661,http://www.wrdf.org,4,209974.75
"Frontier Housing, Inc.",Morehead,KY,40351--913,5445 Flemingsburg Road,http://www.FrontierKY.org,4,142159.25
Corporation for Supportive Housing,New York,NY,10006--270,"61 Broadway, 23rd Floor",www.csh.org,4,1695985
Network for Oregon Affordable Housing,Portland,OR,97201--516,"1750 S. Harbor Way, Suite 245",http://noah-housing.org,4,2017336
Eastern Maine Development Corporation,Bangor,ME,04401--510,40 Harlow Street,http://www.emdc.org,4,171875
Portland Housing Center,Portland,OR,97232--255,3233 NE Sandy Blvd,www.portlandhousingcenter.org,3,86100
"TruFund Financial Services, Inc.",New York,NY,10018--232,"39 West 37th Street, 7th Floor",http://www.trufund.org,3,500000
Mercy Community Capital,DENVER,CO,80202--492,1600 Broadway SUITE 2000,www.mercycommunitycapital.org,3,1495000
Landmarks Community Capital Corporation,Pittsburgh,PA,15219--118,"100 W. Station Square Drive, Ste. 400",http://www.landmarkscommunitycapital.org,3,390000
White Earth Investment Initiative,Ogema,MN,56569--003,407 Main St. E.  P.O. Box 38,www.weii.website,3,340000
"Western Reserve Community Fund, Inc",Akron,OH,44308,"c/o Development Finance Authority of Summit County
One Cascade Plaza, Suite 1700",Non given,3,118863.3333
"First American Capital Corporation, Inc.",Hale Corners,WI,53130--203,10710 West Scharles Avenue,www.aiccw-facc.org,3,173333.3333
Greater Newark Enterprises Corporation,Newark,NJ,07103--356,"211 Warren Street, Suite 423",www.gnec.org,3,90000
Citizen Potawatomi Community Development Corporation,Shawnee,OK,74804--211,1545 Gordon Cooper Dr.,http://www.cpcdc.org,3,177150
Community Investment Fund of Indiana Inc.,Indianapolis,IN,46240,"4181 East 96th Street, Ste 200",www.capitalizingIndiana.org,3,94500
"Raza Development Fund, Inc.",Phoenix,AZ,85040--304,410 E Southern Ave,www.razafund.org,3,973333.3333
Providence Revolving Fund,Providence,RI,02903--351,372 West Fountain Street,http://www.revolvingfund.org,3,213818.3333
Invest PGH Inc.,Pittsburgh,PA,15219--134,"412 Boulevard of the Allies 
Suite 901",www.investpgh.org,3,138333.3333
"NewTown Loans, LLC",Macon,GA,31201,555 Poplar Street,www.newtownmacon.com/loans,3,129566.6667
Lake Superior Community Development Corp.,L'Anse,MI,49946--101,1 N. Front Street,https://www.lakesuperiorcdc.com/,3,199587.3333
Business Expansion Funding Corporation,Charlotte,NC,28210,"5970 Fairview Rd.
Suite 218",https://www.befcor.com/,3,1279666.667
"Midwest Housing Development Fund, Inc.",Omaha,NE,68118--254,515 N 162nd Avenue  Suite 202,mhdfinc.com,3,2033333.333
"Build Fund, LLC",indianapolis,IN,46202--181,1704 Bellefontaine Street,https://buildfund.org/,3,257581.6667
NACDC Financial Services Inc.,Browning,MT,59417--302,201 N. Piegan Street  P.O. Box 3029,www.nacdcfinancialservices.com,3,268941.6667
"NHS Lending, Inc.",Boise,ID,83707--222,P.O. Box 8223,www.nwboise.org,3,138333.3333
Washington Area Community Investment Fund,Washington,DC,20018--283,2012 Rhode Island Ave NE,http://www.wacif.org,2,174000
Northern Community Investment Corporation,St. Johnsbury,VT,05819--279,"51 Depot Square, Suite #2",http://www.ncic.org,2,200451
Hmong Wisconsin Chamber of Commerce,Milwaukee,WI,53225,5423 N. 118th Ct,http://hmongchamber.org,2,93500
Community Housing Fund,Beaverton,OR,97005--237,3700 SW Murray Blvd. #2200,http://thechf.org,2,1375000
"Flagship Enterprise Capital, Inc.",Anderson,IN,46013--967,2705 Enterprise Drive Suite #150,www.bankable.org,2,75500
Northwest Side Community Development Corporation,Milwaukee,WI,53216--182,"4201 North 27th Street, 7th Floor  Century City Tower",http://www.nwscdc.org,2,425000
Economic Development and Financing Corporation,Ukiah,CA,95482--484,208 B South Oak St.,http://www.edfc.org,2,241023.5
Leviticus 25:23 Alternative Fund Inc,Tarrytown,NY,10591,220 White Plains Road Suite 415,www.leviticusfund.org,2,936637.5
"Community Reinvestment Fund, Inc",Minneapolis,MN,55402--253,801 Nicollet Mall  Suite 1700W,http://www.crfusa.com,2,176000
Appalachian Community Capital Corporation,Christiansburg,VA,24073--163,"110 Peppers Ferry Road, NW",appalachiancommunitycapitalcdfi.org,2,474272
Native Community Capital,Laguna,NM,87026--017,PO Box 176,www.nativecap.org,2,434858.5
"Accompany Capital, Inc.",New York,NY,10271--309,"120 Broadway, Suite 230",www.accompanycapital.org,2,326286.5
"Houston Business development, Inc.",Houston,TX,77021--377,5330 Griggs Road,http://www.hbdi.org,2,150000
Housing Trust Fund Ventura County,Camarillo,CA,93010--632,"360 Mobil Ave., Suite 213A",www.housingtrustfundvc.org,2,1050000
Southern Colorado Community Lending LLC,Pueblo,CO,81004,1241 E Routt Ave.,Non given,2,100000
"Opening Doors, Inc.",Sacramento,CA,95825--854,"1111 Howe Ave., Suite 125",www.openingdoorsinc.org,2,80567.5
Bridge Investment Community Development Corporation,Rock Island,IL,61201--802,"100 19th Street
Suite 109",www.bridgeinvestmentcdc.org,2,157968.5
Mountain Housing Opportunities Loan Fund,Asheville,NC,28801--332,"64 Clingman Avenue, Suite 101",http://www.mtnhousing.org,2,217937.5
"Habitat for Humanity NYC Fund, Inc.",New York,NY,10038--310,"111 John Street, 7th Floor, Suite 770",Non given,2,185025
"Habitat for Humanity of Iowa, Inc.",Altoona,IA,50009--230,"809 8th St. SW, Ste F",http://www.iowahabitat.org,2,95000
Neighborhood Community Development Fund,Pittsburgh,PA,15214--000,3923 Perrysville Avenue,www.ncd-fund.org,2,171500
"TRP Lending, LLC",Chicago,IL,60608--272,1805 S Paulina St.,http://fullcirclehomes.org,2,163075
Grow South Dakota,Sisseton,SD,57262--190,104 Ash Street East,http://www.growsd.org,2,218750
"Colorado Housing Enterprises, LLC","Westminster	",CO,80030--170,"7305 Lowell Blvd.  Suite 200	",www.crhdc.org,2,580000
"Chattanooga Neighborhood Enterprise, Inc.",Chattanooga,TN,37408--101,"1500 Chestnut St., Suite 102",www.cneinc.org,2,173375
Growth Partners Arizona,Tucson,AZ,85711--263,"333 N. Wilmot Road
Suite 227",https://www.growthpartnersaz.org/,2,75000
Womenventure,SAINT PAUL,MN,55102--461,165 WESTERN AVE N STE 8,http://womenventure.org,2,87500
City First Homes Inc.,Washington,DC,20036,"1701 Rhode Island NW
Suite 3-103",www.cfhomes.org,2,75045
"Genesis Fund, Inc.",Brunswick,ME,04011--191,22 Lincoln Street,http://www.genesisfund.org,1,950000
Cumberland Capital Partners,Nashville,TN,37211,2015 Gladstone Avenue,cumberlandcapitalpartners.org,1,1600000
"The Community Development Trust, Inc.",New York,NY,10018--770,1350 Broadway  Suite 700,www.cdt.biz,1,1600000
Hawaii Habitat for Humanity Association,Honolulu,HI,96822,"C/O LCH
1730 Punahou Street",http://hawaiihabitat.org/,1,500000
Springboard CDFI,National City,CA,91950,"2140 Hoover Avenue, Suite 115",www.springboard.org,1,94000
"Virginia Community Development Fund, Inc., The",Richmond,VA,23220--215,1840 West Broad Street  Suite 200,http://www.vacdc.org,1,90000
Greater Rochester Housing Partnership,Rochester,NY,14614,"16 East Main Street, suite 610",grhp.org,1,250000
"BAC Funding Consortium, Inc.",Miami,FL,33147--722,6600 NW 27th Avenue,www.bacfunding.com,1,300000
CORE Community Partners,Bingham Farms,MI,48025,32500 Telegraph Road,corecommunitypartners.com,1,2800000
Community and Shelter Assistance Corporation,Sherwood,OR,97140--993,20508 SW Roy Rogers Road  Suite 155,http://www.casaoforegon.org,1,2486199
Nonprofit Finance Fund,New York,NY,10004--265,"5 Hanover Square, 9th FL",www.nff.org,1,936000
"Disability Fund, Inc., The",Rockville Centre,NY,11570--491,"265 Sunrise Highway
Suite 45",http://www.thedof.org,1,158000
Rising Tide Community Loan Fund,Bethlehem,PA,18015--210,1337 E 5th St.,www.therisingtide.org,1,490000
California Community Reinvestment Corp.,Glendale,CA,91210,100 West Broadway  Suite 1000,http://e-ccrc.org,1,1377000
Community Assets for People,Stevens Point,WI,54481,"2900 Hoover Road
Suite A",www.capservices.org,1,110000
"MHIC, LLC",Boston,MA,02110--350,"21 Custom House Street,
8th Floor",www.mhic.com,1,250000
"Gateway Community Development Fund, Inc.",St. Louis,MO,63102,707 N. 2nd Street  Suite 308,http://www.gatewaycdfi.com,1,128000
Community LendingWorks,Springfield,OR,97477--537,212 Main Street,http://www.communitylendingworks.org/,1,1155000
"FIVE RIVERS LOAN FUND, INC",Happy Camp,CA,96039--000,"PO BOX 805	",5rlf.org,1,118800
Ripple Effect Entrepreneurs Fund,Lakewood,NJ,8701,"1750 Cedarbridge Avenue
Suite 3",www.njreef.org,1,400000
Community First Lending,Richmond,CA,94801--152,1535 Fred Jackson Way Suite A,Not Available,1,184000
Community Development Resources,Lincoln,NE,68505,912 N. 70th St.,www.cdr-nebraska.org,1,170000
Quaboag Valley Business Assistance Corporation,Ware,MA,01082--135,"23 West Main Street, Suite #1",http://www.qvcdc.org,1,78000
"Carolina Community Impact, Inc.",Raleigh,NC,27622,P.O. Box 30662,Non given,1,172000
North Philadelphia Financial Partnership,Philadelphia,PA,19132--276,"1300 W. Lehigh Avenue, Suite 100",www.npfp.org,1,80000
Womens Economic Ventures,Santa Barbara,CA,93101--720,"21 E. Canon Perdido, Suite 301",http://www.wevonline.org,1,100000
"Metro Community Development, Inc.",Flint,MI,48503,1174 Robert T. Longway Blvd.,http://www.metrocommunitydevelopment.com,1,350000
Catalyst Development Corporation,Savannah,GA,31401--550,"701 Martin Luther King, Jr. Blvd.",www.catalyst4people.org,1,200000
ECDC Enterprise Development Group,Arlington,VA,22204--240,901 S. Highland Street,https://www.edgus.org/,1,70000
Hope Enterprise Corporation,Jackson,MS,39202--343,4 Old River Place  Suite A,https://www.hopecu.org,1,162250
ADIRONDACK ECONMIC DEVELOPMENT CORPORATION,SARANAC LAKE,NY,12983--574,67 MAIN STREET SUITE 300,http://www.aedconline.com,1,150000
"Salt Lake Neighborhood Housing Services, Inc.",Salt Lake,UT,84116,622 West 500 North,www.nwsaltlake.org,1,290000
"Neighborhood Lending Partners of Florida, Inc.",Tampa,FL,33607--250,3615 West Spruce Street,www.nlp-inc.com,1,775000
"Neighborhood Housing Services of Toledo, Inc.",Toledo,OH,43605--211,P. O. Box 8125,http://nwtoledo.org,1,72570
Piedmont Housing Alliance,Charlottesville,VA,22901,682 Berkmar Circle,www.piedmonthousingalliance.org,1,243750
Impact Capital,Seattle,WA,98104,701 Fifth Ave Suite 5500,www.impactcapital.org,1,1000000